board_id,address,location_note,lat,lng
1-1,下鶴間字甲一号５１３４,高木公園,35.5157428,139.4624807
1-2,下鶴間５０４−１,コミュニティーセンター公所会館南側,35.5106145,139.4619984
1-3,つきみ野４ー５,つきみ駅東側の線路沿フェンス（ビレジB-1前）,35.5070716,139.4618841
1-4,下鶴間６８５,北大和小学校西門横,35.5057262,139.4644418
1-5,下鶴間６８５,北大和小学校南側正門横,35.5051501,139.4652456
1-6,下鶴間２１５０−１,名和公園,35.5006328,139.4687446
1-7,つきみ野４−１−４,つきみ野ぶどう園西側,35.5034269,139.4629116
1-8,つきみ野４−４,つきみ野８号公園南側,35.505329,139.4624807
2-1,鶴間２−７−１７,鶴間二丁目ちびっこ広場,35.4895207,139.4551022
2-2,鶴間２−１５,ふるみち公園北側,35.4908563,139.4554933
2-3,西鶴間１−１,鶴間駅東口フェンス,35.4874805,139.4539154
2-4,林間１−５−１８,林間小学校北側正門横,35.4938263,139.4525643
2-5,林間１−５−１８,林間小学校東側,35.4937514,139.4533639
2-6,林間１−５−１８,林間小学校南側,35.4927113,139.45284
2-7,林間１−３,南林間駅東口　ロータリー,35.4930036,139.4511959
2-8,林間１−２,南林間駅の東南の線路沿い（自治会掲示板横）,35.490123,139.4524284
3-1,下鶴間１−１−１,大和市役所東側,35.4849212,139.4623345
3-2,下鶴間１−１−１,大和市役所西側植栽,35.4837987,139.460579
3-3,下鶴間１−３−１,イトーヨーカドー 大和鶴間店　西側通路,35.4874816,139.4596461
3-4,深見４８４−１,一ノ関公園東側,35.4857105,139.4689161
3-5,深見西８−７−１,大和小学校東側正門横,35.4838076,139.4658136
3-6,深見西８−７−１,大和小学校西側,35.4837115,139.4639542
3-7,下鶴間１−１−１,大和市役所北側植栽,35.4847241,139.4611947
3-8,深見東３−１−１３,日本ペイント販売株式会社　西側正門横,35.4805996,139.467539
4-1,中央１−５−２６,神奈川県厚木保健福祉事務所大和ｾﾝﾀｰ南側,35.4629844,139.4652617
4-2,中央１−５−２６,神奈川県厚木保健福祉事務所大和ｾﾝﾀｰ正門横,35.4630804,139.4649134
4-3,中央５−３−６,中央１号公園南側,35.4639402,139.4629736
4-4,中央１−５,やまと公園　東北側フェンス（小田急線の向い側）,35.4647438,139.465278
4-5,中央４−５,中央６号公園南側,35.4660483,139.461259
4-6,下草柳１１８６,下草柳公園東側,35.4657995,139.4578617
4-7,草柳１−２０−２,草柳１号公園東側,35.4631163,139.4577913
4-8,草柳１−１１,草柳２号公園北東側,35.4608152,139.459062
5-1,桜森３−１６−３１,文ヶ岡小学校東側正門横,35.4712377,139.4426601
5-2,桜森３−１６−３１,文ケ岡小学校南側,35.4707184,139.4415562
5-3,桜森３−５−２１,コミュニティセンター桜森会館北側,35.4695923,139.4441497
5-4,桜森３−９,桜森わいわい公園,35.468846,139.4421885
5-5,桜森３−１,相模大塚駅北口ロータリー,35.4681869,139.4438228
5-6,上草柳７１−６,表(ｵﾓﾃ)駐車場フェンス,35.4688198,139.4485275
5-7,桜森１−２,桜森スポーツ広場北側,35.4654722,139.4477773
5-8,桜森３−１−１,相模大塚駅南側,35.4671874,139.444423
6-1,深見台４−７,深見台保育園南側対面植栽,35.4700026,139.4700788
6-2,深見台４−６,深見台第５児童遊園西側,35.469265,139.4706307
6-3,深見台４−１,深見台１号公園西側,35.4686539,139.4690393
6-4,深見台４−４,深見台緑地南側,35.4682786,139.4705129
6-5,深見台３−４−３５,株式会社ガスター南側正門横植込,35.4665546,139.4718578
6-6,深見台２−４,菊園児童遊園,35.4651754,139.4716328
6-7,深見台２−９−１,深見小学校南側正門横,35.4642545,139.4724794
6-8,深見３２０７,かしま２号公園南側,35.4642239,139.476048
7-1,鶴間１−３１−７,大和市保健福祉センター駐車場東側,35.4873385,139.4586709
7-2,鶴間１−２５,鶴間１号公園南側,35.4848725,139.4584458
7-3,鶴間１−１３−２,南関東防衛局座間防衛事務所北側,35.4843706,139.4569562
7-4,鶴間１−１９,大和市文化財保管施設北側,35.483777,139.4579743
7-5,深見西７−５−１,大和中学校西側,35.481696,139.4569485
7-6,深見西７−５−１,大和中学校北側正門横,35.4827661,139.457886
7-7,深見西７−５−１,大和中学校東側,35.4827885,139.4607077
8-1,上和田３５−２,エネオスセルフ（植栽）,35.455281,139.4708236
8-2,上和田９５８,金毘羅神社,35.4475515,139.4701967
8-3,上和田４５１,新道１号公園東側,35.4529111,139.4773287
8-4,上和田８６０−１,コミュニティセンター桜丘会館,35.4494718,139.4737654
8-5,上和田８３２,桜丘小学校南側正門横,35.4492667,139.4721847
8-6,福田５５２２−１,桜ケ丘駅東口ロータリー,35.4469111,139.469235
8-7,上和田１２５１,宮久保１号公園東側,35.4486557,139.4809242
8-8,上和田１３１４,上和田中学校正門（東門）,35.4455594,139.482022
9-1,上和田３４２８,上和田団地入口西側畑,35.4336723,139.4737707
9-2,渋谷６−５−３,民家,35.4318697,139.4688196
9-3,渋谷６−１００−３３,高座渋谷駅東口（ファミリーマート前のタクシー乗場）,35.4289106,139.4683481
9-4,渋谷７−１０,渋谷小学校東側,35.4278893,139.4710058
9-5,下和田８１６−１,森田整形外科前歩道ガードパイプ,35.4228029,139.4726011
9-6,福田１６９８−１,大和みどりが丘幼稚園駐車場フェンス,35.4262831,139.4670621
9-7,福田１５８７−２,たんぽぽ公園北側,35.4225733,139.4668692
9-8,福田１５６９−１,下福田中学校正門横,35.4230185,139.4646829
10-1,中央林間３−１０−１０,静岡中央銀行中央林間支店東側,35.5042903,139.4463948
10-2,中央林間１−４,市営緑野住宅３号棟南側,35.501353,139.446995
10-3,中央林間１−８,市営緑野住宅集会所北側,35.5001658,139.4461966
10-4,中央林間１−２,市営緑野住宅児童遊園南側,35.4992667,139.4472629
10-5,中央林間１−２２−２０,松原学園幼稚園東側,35.5019727,139.4446319
10-6,中央林間西４-４１８８-１,宇都宮記念公園（みどりの森）フェンス,35.5001091,139.4437532
10-7,中央林間西4-27,緑野保育園南側,35.5016454,139.4423225
10-8,中央林間西５−３,緑野小学校西側,35.499306,139.4400559
11-1,上草柳３−１６,上草柳三丁目公園東側,35.4740092,139.4570687
11-2,上草柳４−１,上草柳四丁目公園北側,35.4743025,139.4594669
11-3,上草柳３−４,上草柳ちびっこ広場西側,35.4718749,139.4553808
11-4,上草柳２−１４,大東公園北側,35.4708929,139.4567418
11-5,上草柳１−１−１,大和スポーツセンター南側,35.470858,139.4614358
11-6,中央３−６−１,草柳小学校南側フェンス,35.4679642,139.4587867
11-7,中央３−６−１,草柳小学校東側正門横,35.468271,139.4590808
11-8,中央３−８,中央４号公園南側,35.468952,139.4598713
12-1,南林間２−１１,南林間駅派出所裏ロータリー南側,35.4920783,139.449776
12-2,南林間２−１１,南林間駅派出所裏ロータリー北側,35.4921438,139.4497277
12-3,南林間２−１４−１,高座教会東側,35.4932568,139.4486614
12-4,南林間２−１４−１,高座教会北側,35.49375,139.4481256
12-5,南林間２−１９,南林間中央公園北側,35.4921569,139.4473754
12-6,南林間２−１９,南林間中央公園西側,35.4917423,139.4474183
12-7,南林間４−９,南林間四丁目公園南側,35.4886173,139.4475094
12-8,南林間２−１９,南林間タイムズ８駐車場フェンス,35.4915677,139.4484525
13-1,西鶴間３−５,緑の広場２７号東側,35.4845695,139.4551562
13-2,西鶴間４−２,慰霊塔公園東側,35.4829457,139.4524908
13-3,上草柳７−１０,上草柳七丁目児童遊園,35.4817213,139.4544592
13-4,上草柳７−４−２６,大野原小学校西側正門横,35.4805286,139.4555606
13-5,上草柳７−４−２６,大野原小学校東側,35.4809102,139.4570036
13-6,上草柳６−１２,大野１号公園北側,35.4764839,139.4540573
13-7,上草柳５−３−１１,コミュニティーセンター上草柳会館西側の歩道フェンス,35.4762613,139.4561739
13-8,上草柳５−３−１１,コミュニティーセンター上草柳会館南側,35.4762133,139.4565597
14-1,大和南１−８,やまとプロムナード　シリウス北側のフェンス,35.4666593,139.4684713
14-2,大和南２−１１−１,光丘中学校北側正門横,35.4625014,139.4683915
14-3,大和南２−１１−１,光丘中学校東側,35.4618429,139.468943
14-4,大和南２−１１−１,光丘中学校南側,35.4609,139.4688143
14-5,深見３６１５−３,大和大塚戸共同住宅東側,35.4599423,139.4745959
14-6,深見３９２３,株式会社サステム国道４６７号沿フェンス,35.4587683,139.4705182
14-7,深見３７０７,かしま１号公園東側,35.4582751,139.4754372
15-1,西鶴間２−２６,西鶴間２号公園東側,35.4844797,139.4499314
15-2,西鶴間２−２５−４３,西鶴間小学校東側正門横,35.4845408,139.4488972
15-3,西鶴間２−２５−４３,西鶴間小学校南側,35.4840681,139.4486764
15-4,西鶴間６−３１,西鶴間３号公園東側,35.4855049,139.4445955
15-5,西鶴間８−４−２０,若草保育園北側,35.4820399,139.4434799
15-6,西鶴間８−１,サンホーム鶴間東側,35.4808659,139.4449159
15-7,西鶴間６−２４,西鶴間六丁目２号児童遊園,35.4822931,139.4444337
16-1,深見西１−５−２,株式会社ＡＰＪ正門横,35.4738535,139.4609926
16-2,深見西１−３−１７,ベテルギウス　公園（ミニバス広場）前,35.4731276,139.4645496
16-3,深見西１−３−１７,ベテルギウス  駐車場フェンス,35.4726412,139.464715
16-4,深見西１−２−２４,ＮＴＴ大和営業所ビル南側,35.4713915,139.4646691
16-5,深見西１−１−３７,キョーラク株式会社技術研究本部,35.4712552,139.4623521
16-6,大和東２−４,大和東公園南側,35.468798,139.4644043
16-7,大和東２−４−３,ビッグ・バン前の線路沿いフェンス,35.4687805,139.4635845
16-8,大和東１−１１,やまとプロムナード交差点先,35.4665066,139.4692322
17-1,柳橋４−５０５０,引地台中学校西側正門横,35.4544081,139.4644418
17-2,柳橋２−１７,柳橋１号公園東側,35.4547966,139.4671371
17-3,柳橋５−９,環境管理センター前交差点横の引地川沿い植栽,35.4514562,139.4595772
17-4,柳橋２−１１,大和市まごころ地域福祉センター,35.4530638,139.4668424
17-5,柳橋３−４,さくら公園東側,35.4519203,139.4681445
17-6,柳橋３−１８−２,県営ハイム桜ケ丘第１集会所南側,35.4508118,139.4668049
17-7,柳橋３−１６,県営ハイム桜ケ丘１２号棟南側,35.4497817,139.4656635
18-1,代官３−１１−１,代官三丁目公園東側,35.4374738,139.4587566
18-2,福田３７５５−１２,田中３号公園東側,35.4348725,139.4615858
18-3,福田３６１９,田中４号公園東側,35.4337726,139.4609857
18-4,渋谷５−１１,渋谷１号公園,35.4318915,139.4665637
18-5,渋谷５−１００−３２,高座渋谷駅西口 ロータリー  （バス停横）,35.4288756,139.4675336
18-6,渋谷５−３５,渋谷３号公園,35.4298315,139.4656153
18-7,渋谷８−８,渋谷４号公園,35.4272171,139.4669174
18-8,福田３７１６,民家（フェンス）,35.4320312,139.4618752
19-1,下鶴間１８２６−３,坂上公園西側,35.4970626,139.4607445
19-2,下鶴間１８４５,パセオクレスト（アパート）西側畑,35.4974903,139.4639006
19-3,下鶴間１９３８,鶴林寺南側,35.4975689,139.4660654
19-4,下鶴間１９４５,目黒川沿いの柵,35.4989874,139.465685
19-5,下鶴間２１１４,目黒川沿いの柵（南側）,35.4981958,139.4670825
19-6,下鶴間２３２９−１近辺,さがみ水産の南側の川沿いフェンス,35.496148,139.4670908
19-7,下鶴間２５１６−２,コミュニティーセンター下鶴間会館横,35.4944919,139.4661619
20-1,上和田２４１２,上和田団地入口バス停前,35.4330874,139.4748317
20-2,上和田２４１２,上和田団地２−４号棟西側,35.4347721,139.4748746
20-3,上和田２４１２,上和田東児童館前,35.4355534,139.4759623
20-4,上和田３２２１,上和田保育園,35.4337246,139.4751853
20-5,上和田２４１２,上和田団地４−８号棟北側,35.4374956,139.4777252
20-6,上和田２４１２,上和田団地バス停前公園,35.4354748,139.4778485
20-7,上和田３３４０,上和田団地汚水処理場横ガードレール,35.4324327,139.4752121
21-1,渋谷１−１４,旭ヶ丘1号公園西側,35.4358676,139.4683909
21-2,渋谷１−１４,旭ヶ丘1号公園東側,35.435824,139.468975
21-3,上和田１８２２,平田自動車工業株式会社本部フェンス,35.4402234,139.4697305
21-4,上和田３２９０,上和田団地給水塔横の空き地フェンス,35.4344318,139.4746874
21-5,上和田２４１２,上和田団地１−１号棟北側フェンス（コンビニ向い）,35.433489,139.4743387
21-6,上和田２６９５,上和田小学校南側正門横,35.4373353,139.4729687
21-7,上和田２６９５,上和田小学校北側,35.4379489,139.473658
22-1,中央林間６−２６−７,コミュニティセンター中央林間会館入口南側,35.5087639,139.4500171
22-2,中央林間６−７−１３,中央林間幼稚園北側,35.5078386,139.4493312
22-3,中央林間６−６,コナミスポーツクラブ駐車場西側,35.5064114,139.4493259
22-4,中央林間６−６,コナミスポーツクラブ駐車場南側,35.5058659,139.4501778
22-5,中央林間４−２６,柿の木通り公園北側,35.5046744,139.4507083
22-6,中央林間４−１,中央林間東急駐車場北側,35.5034946,139.4488419
22-7,中央林間５−５,中央林間２号公園北側,35.507651,139.4454303
22-8,中央林間５−１７,多胡記念公園東側,35.5053879,139.4431433
23-1,南林間９−９−３７２２,南林間スポーツ広場,35.4912971,139.4392414
23-2,中央林間西２-３７８６-１８,シェア畑中央林間フェンス,35.4978832,139.4407739
23-3,南林間９−３−１,南林間中学校北門横,35.4941078,139.4386038
23-4,南林間９−３−１,南林間中学校東側正門横,35.4941777,139.440072
23-5,南林間９−３−２,南林間小学校東南角,35.4928072,139.4405971
23-6,南林間９−３−２,南林間小学校南側,35.4925322,139.4397344
23-7,中央林間西３−２,もちのき公園,35.4959141,139.4377849
24-1,下和田２２５,下和田マリンボックス南側柵,35.4271083,139.474725
24-2,下和田４９,渋谷中学校西側,35.4277583,139.475539
24-3,下和田４９,渋谷中学校南側,35.4270556,139.4759462
24-4,下和田２６２,いちょう団地２号公園西側,35.4259159,139.4757904
24-5,下和田２６２,いちょう団地８０号棟西側,35.4258336,139.4750735
24-6,下和田２６２,いちょう団地バス停前（７６号棟南）,35.4242696,139.4754779
24-7,下和田２６２,いちょう団地１号公園東側,35.4226008,139.4754319
25-1,福田３−１５−１,松ヶ丘公園西側,35.4434663,139.4676568
25-2,福田５−２２−１,福田小学校東側正門横,35.4408225,139.4655147
25-3,福田５−２２−１,福田小学校西側,35.4406205,139.4648345
25-4,代官１−２０,田中１号公園西側,35.4378971,139.4638095
25-5,代官２−３,代官二丁目公園南側,35.4390275,139.4607874
25-6,代官２−１４,代官中央公園南側,35.4371508,139.4601658
25-7,福田４−２０,イサミ運輸有限会社　隣の住宅の北側歩道フェンス,35.437225,139.46576
25-8,渋谷２−１９,札の辻２号公園南側,35.4339734,139.4668692
26-1,中央６−８−２７,草柳保育園北側,35.4593619,139.4622395
26-2,中央７−１０−６,中部学校給食共同調理場,35.4592091,139.4674157
26-3,草柳３−１−２,引地台小学校東側正門横,35.4563591,139.4632576
26-4,中央６−１２,引地台小学校北側歩道橋下,35.4568261,139.4625289
26-5,草柳３−１３,大和市環境管理センター西側,35.4533999,139.4602944
26-6,柳橋１−１７−７,柳橋小学校東側正門横,35.4571403,139.4659797
26-7,柳橋１−１１,柳橋２号公園,35.4562674,139.4692697
26-8,柳橋１−１８,柳橋３号公園,35.4570006,139.4665477
27-1,西鶴間４−９,西鶴間四丁目児童遊園東側,35.4819876,139.4507405
27-2,西鶴間五丁目3486地先,泉の森フェンス,35.4800192,139.4459394
27-3,上草柳９−１９,子安３号公園,35.4787925,139.4467187
27-4,上草柳９−３,子安ちびっこ広場北側,35.4774006,139.448897
27-5,上草柳９−１１−２０,子安児童館東側,35.4784959,139.4495188
27-6,上草柳９−１０,子安２号公園北西側,35.4789542,139.4488865
27-7,上草柳８−２４,つる・る公園,35.4802025,139.4501028
28-1,中央林間西１−１５,オーキュー印刷（有）東側植栽内,35.4975597,139.4439627
28-2,南林間３−１０−１７,南林間児童遊園南側,35.4953212,139.4461591
28-3,南林間３−１０−１,学校法人大和学園聖セシリア小学校東側,35.4970975,139.4471129
28-4,南林間３−１１−７,学校法人大和学園聖セシリア中学校南側,35.4965345,139.4486293
28-5,林間２−６−１８,特別支援教育センター「アンダンテ」南側,35.4974118,139.4488865
28-6,中央林間２−６−１７,みどり野リハビリテーション病院 正門横,35.4990005,139.4490687
28-7,中央林間２−１６,中央林間１号公園南側,35.4993496,139.4502689
28-8,中央林間７−８−１,三菱重工冷熱株式会社の正門横,35.5017108,139.4522837
29-1,福田３９７１,南庭１号公園,35.4336417,139.4582636
29-2,福田６００２,渋谷保育園西側,35.4307426,139.4593106
29-3,福田４０６９,ゆとりの森駐車場東側,35.4345815,139.4557996
29-4,福田５７０,下福田小学校北側裏門横,35.4287316,139.4605463
29-5,福田５７０,下福田小学校南側正門横,35.4280027,139.4598765
29-6,福田６１１−１,コミュニティーセンター下福田会館正面,35.4272477,139.4602409
29-7,福田１３６１,小嶋園北側フェンス,35.4228919,139.46135
29-8,福田４０８４,中福田ちびっこ広場,35.4318392,139.4564793
30-1,中央林間７−１２ー２,ニッセイロジスティクスセンター西南,35.4983312,139.4557812
30-2,つきみ野３−４,神奈川県立大和高等学校南側,35.5031075,139.4572991
30-3,中央林間７−１０ー１,三機テクノセンター正門横,35.5036792,139.456265
30-4,つきみ野３−５−１,つきみ野中学校南側,35.5046263,139.4569294
30-5,つきみ野３−５−１,つきみ野中学校北側正門横,35.5057786,139.4566936
30-6,つきみ野３−１６,つきみ野４号公園北側,35.503592,139.4604391
30-7,つきみ野１−５,つきみ野１１号公園東側,35.5014446,139.4610768
30-8,つきみ野１−１２,つきみ野５号公園西側,35.5013694,139.4626194
31-1,福田８−２２−５,福田保育園南側,35.4497468,139.4628022
31-2,柳橋５−３,引地川沿いフェンス（ふきのとう舎の向い側）,35.4497424,139.4610446
31-3,福田７−３３−５,南部学校給食共同調理場,35.4473681,139.459914
31-4,福田７−１２−１２,山下梨園西側フェンス,35.446085,139.4624432
31-5,福田７−７,関水動物病院東側,35.4473703,139.463704
31-6,福田２−３３−１,富士見橋公園西側,35.4472132,139.4654136
31-7,福田２−３３−１,富士見橋公園東側,35.4471833,139.4660477
31-8,福田１−５,桜ヶ丘駅西口フェンス,35.4476344,139.4686481
32-1,下鶴間１７８１付近,下鶴間子どもの広場南側植込み,35.4962726,139.4550808
32-2,下鶴間３０００−３,緑の広場１７号北側,35.4960544,139.4569401
32-3,下鶴間３００８,大和歩行者専用道,35.4947407,139.4555844
32-4,下鶴間３０１６,鶴間中学校北側,35.4934619,139.4569187
32-5,下鶴間３０１６,鶴間中学校南側,35.4923926,139.4573902
32-6,下鶴間２７８６,山王原西公園北側,35.4906817,139.4586655
32-7,下鶴間２７７６−１８,長堀公園東側,35.4896124,139.4635577
32-8,下鶴間２７７７−５,リラの丘公園北側植込み,35.4898786,139.4600748
33-1,つきみ野７−３−２,つる舞の里歴史資料館,35.5103351,139.457342
33-2,つきみ野６−２−１０,つきみ野６号公園北側,35.5095539,139.4563293
33-3,つきみ野７−５,さくらの散歩道,35.5117231,139.4565489
33-4,つきみ野８−１１,つきみ野２号公園西側,35.5132004,139.4565257
33-5,つきみ野８−３,つきみ野９号公園西側,35.5131328,139.453784
33-6,つきみ野５−４,市営つきみ野住宅５号棟北側,35.5075942,139.4568329
33-7,つきみ野５−５,つきみ野野球場北側,35.5082989,139.4593658
33-8,つきみ野５−４,つきみ野駅前道路西側,35.5070312,139.4607285
34-1,西鶴間１−２４,西鶴間一丁目公園東側歩道,35.4880237,139.4507137
34-2,西鶴間１−２５−２,民家（フェンス）,35.4877575,139.4502689
34-3,西鶴間１−２４,西鶴間一丁目公園南側歩道,35.4878709,139.4509173
34-4,西鶴間２−４,西鶴間二丁目公園南側,35.486291,139.4507994
34-5,西鶴間２−４−２０,コミュニティセンター西鶴間会館,35.4864917,139.4510727
34-6,南林間４−１,朝日新聞販売店前歩道ポール,35.4885824,139.4495081
34-7,西鶴間１−５,鶴間駅西口と南林間駅の中間地点の線路フェンス,35.4886653,139.453066
35-1,南林間７−８,南林間西北公園,35.4898481,139.4424082
35-2,南林間７−１４,緑の広場１１号東側,35.4892391,139.4419301
35-3,南林間７−１４−２４,コミュニティーセンター南林間会館,35.4892676,139.4413526
35-4,南林間６−６,南林間１号公園南側,35.4872381,139.4443587
35-5,南林間７−１４,緑の広場１１号北側,35.4894072,139.4416527
35-6,南林間６−１６−３４,やまと防災パーク 東側,35.4858807,139.4429923
35-7,南林間６−１６−３４,やまと防災パーク 西側,35.4855097,139.4414169
35-8,南林間６−２７,南林間むつみ公園,35.4858196,139.4395415
